"FullPath","Name","Size","Item type","Date modified","Date created","Date accessed","Attributes","Perceived type","Owner","Kind","Date taken","Rating","Title","Camera model","Dimensions","Camera maker","Program name","Total size","Computer","File extension","Filename","Space free","Bit depth","Horizontal resolution","Width","Vertical resolution","Height","Shared","Folder name","File location","Folder","Path","Type","Link status","Space used","EXIF version","Exposure bias","Exposure program","Exposure time","F-stop","Flash mode","Focal length","35mm focal length","ISO speed","Max aperture","Metering mode","Program mode","Saturation","Subject distance","White balance","Sharing status"
"C:\Users\Brend\Documents\Database Project Repository\Database-Project\Photos Full Resolution Logoless\-DJI_20250619213832_0258_D-photos_db_photo-4.png","-DJI_20250619213832_0258_D-photos_db_photo-4","107 MB","PNG File","11/28/2025 5:26 PM","11/28/2025 7:04 PM","11/28/2025 8:13 PM","A","Image","BRENDANROGG16\Brend","Picture","‎6/‎19/‎2025 ‏‎9:38 PM","Unrated","default","FC9113","‪8192 x 6144‬","DJI","Adobe Photoshop Lightroom Classic 15.0.1 (Windows)","1.83 TB","BRENDANROGG16 (this PC)",".png","-DJI_20250619213832_0258_D-photos_db_photo-4","1.48 TB","48","‎300 dpi","‎8192 pixels","‎300 dpi","‎6144 pixels","No","Photos Full Resolution Logoless","C:\Users\Brend\Documents\Database Project Repository\Database-Project\Photos Full Resolution Logoless","Photos Full Resolution Logoless (C:\Users\Brend\Documents\Database Project Repository\Database-Project)","C:\Users\Brend\Documents\Database Project Repository\Database-Project\Photos Full Resolution Logoless\-DJI_20250619213832_0258_D-photos_db_photo-4.png","PNG File","Unresolved","‎18%","0231","‎0 step","Normal","‎1/50 sec.","f/1.8","No flash","‎9 mm","24","ISO-140","1.7","Average","Normal program","Normal","‎0 mm","Auto","Private"
"C:\Users\Brend\Documents\Database Project Repository\Database-Project\Photos Full Resolution Logoless\Bird's Eye View of Bohemian Lavender Farm-DJI_20250713134902_0441_D-HDR-2-photos_db_photo-13.png","Bird's Eye View of Bohemian Lavender Farm-DJI_20250713134902_0441_D-HDR-2-photos_db_photo-13","13.9 MB","PNG File","11/28/2025 5:25 PM","11/28/2025 7:04 PM","11/28/2025 8:08 PM","A","Image","BRENDANROGG16\Brend","Picture",,"Unrated","Bird's Eye View of Bohemian Lavender Farm",,"‪2048 x 1536‬",,"Adobe Photoshop Lightroom Classic 15.0.1 (Windows)","1.83 TB","BRENDANROGG16 (this PC)",".png","Bird's Eye View of Bohemian Lavender Farm-DJI_20250713134902_0441_D-HDR-2-photos_db_photo-13","1.48 TB","48","‎300 dpi","‎2048 pixels","‎300 dpi","‎1536 pixels","No","Photos Full Resolution Logoless","C:\Users\Brend\Documents\Database Project Repository\Database-Project\Photos Full Resolution Logoless","Photos Full Resolution Logoless (C:\Users\Brend\Documents\Database Project Repository\Database-Project)","C:\Users\Brend\Documents\Database Project Repository\Database-Project\Photos Full Resolution Logoless\Bird's Eye View of Bohemian Lavender Farm-DJI_20250713134902_0441_D-HDR-2-photos_db_photo-13.png","PNG File","Unresolved","‎18%","0231",,,,,,,,,,,,,,,"Private"
"C:\Users\Brend\Documents\Database Project Repository\Database-Project\Photos Full Resolution Logoless\Bird's Eye View of Manistee-DJI_20250628172944_0726_D-HDR-photos_db_photo-11.png","Bird's Eye View of Manistee-DJI_20250628172944_0726_D-HDR-photos_db_photo-11","172 MB","PNG File","11/28/2025 5:25 PM","11/28/2025 7:04 PM","11/28/2025 8:08 PM","A","Image","BRENDANROGG16\Brend","Picture",,"5 Stars","Bird's Eye View of Manistee",,"‪8166 x 6125‬",,"Adobe Photoshop Lightroom Classic 15.0.1 (Windows)","1.83 TB","BRENDANROGG16 (this PC)",".png","Bird's Eye View of Manistee-DJI_20250628172944_0726_D-HDR-photos_db_photo-11","1.48 TB","48","‎300 dpi","‎8166 pixels","‎300 dpi","‎6125 pixels","No","Photos Full Resolution Logoless","C:\Users\Brend\Documents\Database Project Repository\Database-Project\Photos Full Resolution Logoless","Photos Full Resolution Logoless (C:\Users\Brend\Documents\Database Project Repository\Database-Project)","C:\Users\Brend\Documents\Database Project Repository\Database-Project\Photos Full Resolution Logoless\Bird's Eye View of Manistee-DJI_20250628172944_0726_D-HDR-photos_db_photo-11.png","PNG File","Unresolved","‎18%","0231",,,,,,,,,,,,,,,"Private"
"C:\Users\Brend\Documents\Database Project Repository\Database-Project\Photos Full Resolution Logoless\Bird's Eye View of the Neighborhood-DJI_20250622150721_0379_D-HDR-photos_db_photo-10.png","Bird's Eye View of the Neighborhood-DJI_20250622150721_0379_D-HDR-photos_db_photo-10","200 MB","PNG File","11/28/2025 5:25 PM","11/28/2025 7:04 PM","11/28/2025 8:13 PM","A","Image","BRENDANROGG16\Brend","Picture",,"Unrated","Bird's Eye View of the Neighborhood",,"‪8165 x 6124‬",,"Adobe Photoshop Lightroom Classic 15.0.1 (Windows)","1.83 TB","BRENDANROGG16 (this PC)",".png","Bird's Eye View of the Neighborhood-DJI_20250622150721_0379_D-HDR-photos_db_photo-10","1.48 TB","48","‎300 dpi","‎8165 pixels","‎300 dpi","‎6124 pixels","No","Photos Full Resolution Logoless","C:\Users\Brend\Documents\Database Project Repository\Database-Project\Photos Full Resolution Logoless","Photos Full Resolution Logoless (C:\Users\Brend\Documents\Database Project Repository\Database-Project)","C:\Users\Brend\Documents\Database Project Repository\Database-Project\Photos Full Resolution Logoless\Bird's Eye View of the Neighborhood-DJI_20250622150721_0379_D-HDR-photos_db_photo-10.png","PNG File","Unresolved","‎18%","0231",,,,,,,,,,,,,,,"Private"
"C:\Users\Brend\Documents\Database Project Repository\Database-Project\Photos Full Resolution Logoless\Blood Moon Closeup-P3140252-Enhanced-SR-photos_db_photo-1.png","Blood Moon Closeup-P3140252-Enhanced-SR-photos_db_photo-1","37.6 MB","PNG File","11/28/2025 5:25 PM","11/28/2025 7:04 PM","11/28/2025 8:13 PM","A","Image","BRENDANROGG16\Brend","Picture","‎3/‎14/‎2025 ‏‎2:02 AM","Unrated","Blood Moon Closeup","OM-5","‪6805 x 5444‬","OM Digital Solutions","Adobe Photoshop Lightroom Classic 15.0.1 (Windows)","1.83 TB","BRENDANROGG16 (this PC)",".png","Blood Moon Closeup-P3140252-Enhanced-SR-photos_db_photo-1","1.48 TB","48","‎300 dpi","‎6805 pixels","‎300 dpi","‎5444 pixels","No","Photos Full Resolution Logoless","C:\Users\Brend\Documents\Database Project Repository\Database-Project\Photos Full Resolution Logoless","Photos Full Resolution Logoless (C:\Users\Brend\Documents\Database Project Repository\Database-Project)","C:\Users\Brend\Documents\Database Project Repository\Database-Project\Photos Full Resolution Logoless\Blood Moon Closeup-P3140252-Enhanced-SR-photos_db_photo-1.png","PNG File","Unresolved","‎18%","0231","‎+1 step","Aperture Priority","‎4 sec.","f/6.3","No flash, compulsory","‎400 mm","801","ISO-200","4.64453125","Pattern","Aperture priority","Normal",,"Auto","Private"
"C:\Users\Brend\Documents\Database Project Repository\Database-Project\Photos Full Resolution Logoless\Blood Moon-DJI_20250908205852_0722_D-photos_db_photo-33.png","Blood Moon-DJI_20250908205852_0722_D-photos_db_photo-33","184 MB","PNG File","11/28/2025 5:26 PM","11/28/2025 7:04 PM","11/28/2025 8:13 PM","A","Image","BRENDANROGG16\Brend","Picture",,"Unrated","Blood Moon",,"‪8064 x 6048‬",,"Adobe Photoshop Lightroom Classic 15.0.1 (Windows)","1.83 TB","BRENDANROGG16 (this PC)",".png","Blood Moon-DJI_20250908205852_0722_D-photos_db_photo-33","1.48 TB","48","‎300 dpi","‎8064 pixels","‎300 dpi","‎6048 pixels","No","Photos Full Resolution Logoless","C:\Users\Brend\Documents\Database Project Repository\Database-Project\Photos Full Resolution Logoless","Photos Full Resolution Logoless (C:\Users\Brend\Documents\Database Project Repository\Database-Project)","C:\Users\Brend\Documents\Database Project Repository\Database-Project\Photos Full Resolution Logoless\Blood Moon-DJI_20250908205852_0722_D-photos_db_photo-33.png","PNG File","Unresolved","‎18%","0231",,,,,,,,,,,,,,,"Private"
"C:\Users\Brend\Documents\Database Project Repository\Database-Project\Photos Full Resolution Logoless\Bumble Bee Sampling Lavender-P7132118-photos_db_photo-12.png","Bumble Bee Sampling Lavender-P7132118-photos_db_photo-12","8.98 MB","PNG File","11/28/2025 5:25 PM","11/28/2025 7:04 PM","11/28/2025 8:13 PM","A","Image","BRENDANROGG16\Brend","Picture",,"Unrated","Bumble Bee Sampling Lavender",,"‪1853 x 1390‬",,"Adobe Photoshop Lightroom Classic 15.0.1 (Windows)","1.83 TB","BRENDANROGG16 (this PC)",".png","Bumble Bee Sampling Lavender-P7132118-photos_db_photo-12","1.48 TB","48","‎300 dpi","‎1853 pixels","‎300 dpi","‎1390 pixels","No","Photos Full Resolution Logoless","C:\Users\Brend\Documents\Database Project Repository\Database-Project\Photos Full Resolution Logoless","Photos Full Resolution Logoless (C:\Users\Brend\Documents\Database Project Repository\Database-Project)","C:\Users\Brend\Documents\Database Project Repository\Database-Project\Photos Full Resolution Logoless\Bumble Bee Sampling Lavender-P7132118-photos_db_photo-12.png","PNG File","Unresolved","‎18%","0231",,,,,,,,,,,,,,,"Private"
"C:\Users\Brend\Documents\Database Project Repository\Database-Project\Photos Full Resolution Logoless\Classic Ford Mustang-P9130783-photos_db_photo-34.png","Classic Ford Mustang-P9130783-photos_db_photo-34","79.2 MB","PNG File","11/28/2025 5:26 PM","11/28/2025 7:04 PM","11/28/2025 8:13 PM","A","Image","BRENDANROGG16\Brend","Picture",,"Unrated","Classic Ford Mustang",,"‪5184 x 3888‬",,"Adobe Photoshop Lightroom Classic 15.0.1 (Windows)","1.83 TB","BRENDANROGG16 (this PC)",".png","Classic Ford Mustang-P9130783-photos_db_photo-34","1.48 TB","48","‎300 dpi","‎5184 pixels","‎300 dpi","‎3888 pixels","No","Photos Full Resolution Logoless","C:\Users\Brend\Documents\Database Project Repository\Database-Project\Photos Full Resolution Logoless","Photos Full Resolution Logoless (C:\Users\Brend\Documents\Database Project Repository\Database-Project)","C:\Users\Brend\Documents\Database Project Repository\Database-Project\Photos Full Resolution Logoless\Classic Ford Mustang-P9130783-photos_db_photo-34.png","PNG File","Unresolved","‎18%","0231",,,,,,,,,,,,,,,"Private"
"C:\Users\Brend\Documents\Database Project Repository\Database-Project\Photos Full Resolution Logoless\Closeup Cardinal In Winter-P3160548-photos_db_photo-2.png","Closeup Cardinal In Winter-P3160548-photos_db_photo-2","21.1 MB","PNG File","11/28/2025 5:25 PM","11/28/2025 7:04 PM","11/28/2025 8:13 PM","A","Image","BRENDANROGG16\Brend","Picture","‎3/‎16/‎2025 ‏‎11:47 AM","Unrated","Closeup Cardinal In Winter","OM-5","‪3200 x 2400‬","OM Digital Solutions","Adobe Photoshop Lightroom Classic 15.0.1 (Windows)","1.83 TB","BRENDANROGG16 (this PC)",".png","Closeup Cardinal In Winter-P3160548-photos_db_photo-2","1.48 TB","48","‎300 dpi","‎3200 pixels","‎300 dpi","‎2400 pixels","No","Photos Full Resolution Logoless","C:\Users\Brend\Documents\Database Project Repository\Database-Project\Photos Full Resolution Logoless","Photos Full Resolution Logoless (C:\Users\Brend\Documents\Database Project Repository\Database-Project)","C:\Users\Brend\Documents\Database Project Repository\Database-Project\Photos Full Resolution Logoless\Closeup Cardinal In Winter-P3160548-photos_db_photo-2.png","PNG File","Unresolved","‎18%","0231","‎0 step","Normal","‎1/3200 sec.","f/6.3",,"‎400 mm","801","ISO-2500","4.64453125","Pattern","Normal program","Normal",,"Auto","Private"
"C:\Users\Brend\Documents\Database Project Repository\Database-Project\Photos Full Resolution Logoless\Closeup of Herron at Arcadia Marsh 2-P8300146-photos_db_photo-25.png","Closeup of Herron at Arcadia Marsh 2-P8300146-photos_db_photo-25","75.3 MB","PNG File","11/28/2025 5:25 PM","11/28/2025 7:04 PM","11/28/2025 8:08 PM","A","Image","BRENDANROGG16\Brend","Picture",,"Unrated","Closeup of Herron at Arcadia Marsh 2",,"‪5184 x 3888‬",,"Adobe Photoshop Lightroom Classic 15.0.1 (Windows)","1.83 TB","BRENDANROGG16 (this PC)",".png","Closeup of Herron at Arcadia Marsh 2-P8300146-photos_db_photo-25","1.48 TB","48","‎300 dpi","‎5184 pixels","‎300 dpi","‎3888 pixels","No","Photos Full Resolution Logoless","C:\Users\Brend\Documents\Database Project Repository\Database-Project\Photos Full Resolution Logoless","Photos Full Resolution Logoless (C:\Users\Brend\Documents\Database Project Repository\Database-Project)","C:\Users\Brend\Documents\Database Project Repository\Database-Project\Photos Full Resolution Logoless\Closeup of Herron at Arcadia Marsh 2-P8300146-photos_db_photo-25.png","PNG File","Unresolved","‎18%","0231",,,,,,,,,,,,,,,"Private"
"C:\Users\Brend\Documents\Database Project Repository\Database-Project\Photos Full Resolution Logoless\Closeup of Herron at Arcadia Marsh-P8300141-photos_db_photo-24.png","Closeup of Herron at Arcadia Marsh-P8300141-photos_db_photo-24","72.6 MB","PNG File","11/28/2025 5:25 PM","11/28/2025 7:04 PM","11/28/2025 8:13 PM","A","Image","BRENDANROGG16\Brend","Picture",,"Unrated","Closeup of Herron at Arcadia Marsh",,"‪5184 x 3888‬",,"Adobe Photoshop Lightroom Classic 15.0.1 (Windows)","1.83 TB","BRENDANROGG16 (this PC)",".png","Closeup of Herron at Arcadia Marsh-P8300141-photos_db_photo-24","1.48 TB","48","‎300 dpi","‎5184 pixels","‎300 dpi","‎3888 pixels","No","Photos Full Resolution Logoless","C:\Users\Brend\Documents\Database Project Repository\Database-Project\Photos Full Resolution Logoless","Photos Full Resolution Logoless (C:\Users\Brend\Documents\Database Project Repository\Database-Project)","C:\Users\Brend\Documents\Database Project Repository\Database-Project\Photos Full Resolution Logoless\Closeup of Herron at Arcadia Marsh-P8300141-photos_db_photo-24.png","PNG File","Unresolved","‎18%","0231",,,,,,,,,,,,,,,"Private"
"C:\Users\Brend\Documents\Database Project Repository\Database-Project\Photos Full Resolution Logoless\Coleus Flowers-P6221910-photos_db_photo-5.png","Coleus Flowers-P6221910-photos_db_photo-5","67.3 MB","PNG File","11/28/2025 5:25 PM","11/28/2025 7:04 PM","11/28/2025 8:13 PM","A","Image","BRENDANROGG16\Brend","Picture",,"Unrated","Coleus Flowers",,"‪5184 x 3888‬",,"Adobe Photoshop Lightroom Classic 15.0.1 (Windows)","1.83 TB","BRENDANROGG16 (this PC)",".png","Coleus Flowers-P6221910-photos_db_photo-5","1.48 TB","48","‎300 dpi","‎5184 pixels","‎300 dpi","‎3888 pixels","No","Photos Full Resolution Logoless","C:\Users\Brend\Documents\Database Project Repository\Database-Project\Photos Full Resolution Logoless","Photos Full Resolution Logoless (C:\Users\Brend\Documents\Database Project Repository\Database-Project)","C:\Users\Brend\Documents\Database Project Repository\Database-Project\Photos Full Resolution Logoless\Coleus Flowers-P6221910-photos_db_photo-5.png","PNG File","Unresolved","‎18%","0231",,,,,,,,,,,,,,,"Private"
"C:\Users\Brend\Documents\Database Project Repository\Database-Project\Photos Full Resolution Logoless\Duck Couple in Winter-P3240589-photos_db_photo-3.png","Duck Couple in Winter-P3240589-photos_db_photo-3","6.30 MB","PNG File","11/28/2025 5:25 PM","11/28/2025 7:04 PM","11/28/2025 8:08 PM","A","Image","BRENDANROGG16\Brend","Picture",,"Unrated","Duck Couple in Winter",,"‪2048 x 1536‬",,"Adobe Photoshop Lightroom Classic 15.0.1 (Windows)","1.83 TB","BRENDANROGG16 (this PC)",".png","Duck Couple in Winter-P3240589-photos_db_photo-3","1.48 TB","48","‎300 dpi","‎2048 pixels","‎300 dpi","‎1536 pixels","No","Photos Full Resolution Logoless","C:\Users\Brend\Documents\Database Project Repository\Database-Project\Photos Full Resolution Logoless","Photos Full Resolution Logoless (C:\Users\Brend\Documents\Database Project Repository\Database-Project)","C:\Users\Brend\Documents\Database Project Repository\Database-Project\Photos Full Resolution Logoless\Duck Couple in Winter-P3240589-photos_db_photo-3.png","PNG File","Unresolved","‎18%","0231",,,,,,,,,,,,,,,"Private"
"C:\Users\Brend\Documents\Database Project Repository\Database-Project\Photos Full Resolution Logoless\Family of Herrons at Arcadia Marsh-P7202282-photos_db_photo-17.png","Family of Herrons at Arcadia Marsh-P7202282-photos_db_photo-17","66.2 MB","PNG File","11/28/2025 5:25 PM","11/28/2025 7:04 PM","11/28/2025 8:08 PM","A","Image","BRENDANROGG16\Brend","Picture",,"Unrated","Family of Herrons at Arcadia Marsh",,"‪5184 x 3888‬",,"Adobe Photoshop Lightroom Classic 15.0.1 (Windows)","1.83 TB","BRENDANROGG16 (this PC)",".png","Family of Herrons at Arcadia Marsh-P7202282-photos_db_photo-17","1.48 TB","48","‎300 dpi","‎5184 pixels","‎300 dpi","‎3888 pixels","No","Photos Full Resolution Logoless","C:\Users\Brend\Documents\Database Project Repository\Database-Project\Photos Full Resolution Logoless","Photos Full Resolution Logoless (C:\Users\Brend\Documents\Database Project Repository\Database-Project)","C:\Users\Brend\Documents\Database Project Repository\Database-Project\Photos Full Resolution Logoless\Family of Herrons at Arcadia Marsh-P7202282-photos_db_photo-17.png","PNG File","Unresolved","‎18%","0231",,,,,,,,,,,,,,,"Private"
"C:\Users\Brend\Documents\Database Project Repository\Database-Project\Photos Full Resolution Logoless\Family of Swans on the Lake-P8102727-photos_db_photo-22.png","Family of Swans on the Lake-P8102727-photos_db_photo-22","22.4 MB","PNG File","11/28/2025 5:25 PM","11/28/2025 7:04 PM","11/28/2025 8:13 PM","A","Image","BRENDANROGG16\Brend","Picture",,"Unrated","Family of Swans on the Lake",,"‪3022 x 2267‬",,"Adobe Photoshop Lightroom Classic 15.0.1 (Windows)","1.83 TB","BRENDANROGG16 (this PC)",".png","Family of Swans on the Lake-P8102727-photos_db_photo-22","1.48 TB","48","‎300 dpi","‎3022 pixels","‎300 dpi","‎2267 pixels","No","Photos Full Resolution Logoless","C:\Users\Brend\Documents\Database Project Repository\Database-Project\Photos Full Resolution Logoless","Photos Full Resolution Logoless (C:\Users\Brend\Documents\Database Project Repository\Database-Project)","C:\Users\Brend\Documents\Database Project Repository\Database-Project\Photos Full Resolution Logoless\Family of Swans on the Lake-P8102727-photos_db_photo-22.png","PNG File","Unresolved","‎18%","0231",,,,,,,,,,,,,,,"Private"
"C:\Users\Brend\Documents\Database Project Repository\Database-Project\Photos Full Resolution Logoless\Foggy Morning on the Lake-DJI_20250927081415_0091_D-HDR-photos_db_photo-35.png","Foggy Morning on the Lake-DJI_20250927081415_0091_D-HDR-photos_db_photo-35","168 MB","PNG File","11/28/2025 5:26 PM","11/28/2025 7:04 PM","11/28/2025 8:08 PM","A","Image","BRENDANROGG16\Brend","Picture",,"Unrated","Foggy Morning on the Lake",,"‪8165 x 6124‬",,"Adobe Photoshop Lightroom Classic 15.0.1 (Windows)","1.83 TB","BRENDANROGG16 (this PC)",".png","Foggy Morning on the Lake-DJI_20250927081415_0091_D-HDR-photos_db_photo-35","1.48 TB","48","‎300 dpi","‎8165 pixels","‎300 dpi","‎6124 pixels","No","Photos Full Resolution Logoless","C:\Users\Brend\Documents\Database Project Repository\Database-Project\Photos Full Resolution Logoless","Photos Full Resolution Logoless (C:\Users\Brend\Documents\Database Project Repository\Database-Project)","C:\Users\Brend\Documents\Database Project Repository\Database-Project\Photos Full Resolution Logoless\Foggy Morning on the Lake-DJI_20250927081415_0091_D-HDR-photos_db_photo-35.png","PNG File","Unresolved","‎18%","0231",,,,,,,,,,,,,,,"Private"
"C:\Users\Brend\Documents\Database Project Repository\Database-Project\Photos Full Resolution Logoless\Grand Traverse Lighthouse Foghorn Shelter-P9020255-photos_db_photo-31.png","Grand Traverse Lighthouse Foghorn Shelter-P9020255-photos_db_photo-31","77.0 MB","PNG File","11/28/2025 5:26 PM","11/28/2025 7:04 PM","11/28/2025 8:13 PM","A","Image","BRENDANROGG16\Brend","Picture",,"Unrated","Grand Traverse Lighthouse Foghorn Shelter",,"‪5184 x 3888‬",,"Adobe Photoshop Lightroom Classic 15.0.1 (Windows)","1.83 TB","BRENDANROGG16 (this PC)",".png","Grand Traverse Lighthouse Foghorn Shelter-P9020255-photos_db_photo-31","1.48 TB","48","‎300 dpi","‎5184 pixels","‎300 dpi","‎3888 pixels","No","Photos Full Resolution Logoless","C:\Users\Brend\Documents\Database Project Repository\Database-Project\Photos Full Resolution Logoless","Photos Full Resolution Logoless (C:\Users\Brend\Documents\Database Project Repository\Database-Project)","C:\Users\Brend\Documents\Database Project Repository\Database-Project\Photos Full Resolution Logoless\Grand Traverse Lighthouse Foghorn Shelter-P9020255-photos_db_photo-31.png","PNG File","Unresolved","‎18%","0231",,,,,,,,,,,,,,,"Private"
"C:\Users\Brend\Documents\Database Project Repository\Database-Project\Photos Full Resolution Logoless\Grand Traverse Lighthouse-P9020265-photos_db_photo-30.png","Grand Traverse Lighthouse-P9020265-photos_db_photo-30","81.2 MB","PNG File","11/28/2025 5:26 PM","11/28/2025 7:04 PM","11/28/2025 8:08 PM","A","Image","BRENDANROGG16\Brend","Picture",,"Unrated","Grand Traverse Lighthouse",,"‪5184 x 3888‬",,"Adobe Photoshop Lightroom Classic 15.0.1 (Windows)","1.83 TB","BRENDANROGG16 (this PC)",".png","Grand Traverse Lighthouse-P9020265-photos_db_photo-30","1.48 TB","48","‎300 dpi","‎5184 pixels","‎300 dpi","‎3888 pixels","No","Photos Full Resolution Logoless","C:\Users\Brend\Documents\Database Project Repository\Database-Project\Photos Full Resolution Logoless","Photos Full Resolution Logoless (C:\Users\Brend\Documents\Database Project Repository\Database-Project)","C:\Users\Brend\Documents\Database Project Repository\Database-Project\Photos Full Resolution Logoless\Grand Traverse Lighthouse-P9020265-photos_db_photo-30.png","PNG File","Unresolved","‎18%","0231",,,,,,,,,,,,,,,"Private"
"C:\Users\Brend\Documents\Database Project Repository\Database-Project\Photos Full Resolution Logoless\Hummingbird at the Feeder-P8082625-photos_db_photo-21.png","Hummingbird at the Feeder-P8082625-photos_db_photo-21","68.5 MB","PNG File","11/28/2025 5:25 PM","11/28/2025 7:04 PM","11/28/2025 8:08 PM","A","Image","BRENDANROGG16\Brend","Picture",,"Unrated","Hummingbird at the Feeder",,"‪5184 x 3888‬",,"Adobe Photoshop Lightroom Classic 15.0.1 (Windows)","1.83 TB","BRENDANROGG16 (this PC)",".png","Hummingbird at the Feeder-P8082625-photos_db_photo-21","1.48 TB","48","‎300 dpi","‎5184 pixels","‎300 dpi","‎3888 pixels","No","Photos Full Resolution Logoless","C:\Users\Brend\Documents\Database Project Repository\Database-Project\Photos Full Resolution Logoless","Photos Full Resolution Logoless (C:\Users\Brend\Documents\Database Project Repository\Database-Project)","C:\Users\Brend\Documents\Database Project Repository\Database-Project\Photos Full Resolution Logoless\Hummingbird at the Feeder-P8082625-photos_db_photo-21.png","PNG File","Unresolved","‎18%","0231",,,,,,,,,,,,,,,"Private"
"C:\Users\Brend\Documents\Database Project Repository\Database-Project\Photos Full Resolution Logoless\Hummingbird Moth on Butterfly Bush Flowers-P7292475-photos_db_photo-20.png","Hummingbird Moth on Butterfly Bush Flowers-P7292475-photos_db_photo-20","8.24 MB","PNG File","11/28/2025 5:25 PM","11/28/2025 7:04 PM","11/28/2025 8:08 PM","A","Image","BRENDANROGG16\Brend","Picture",,"Unrated","Hummingbird Moth on Butterfly Bush Flowers",,"‪1895 x 1421‬",,"Adobe Photoshop Lightroom Classic 15.0.1 (Windows)","1.83 TB","BRENDANROGG16 (this PC)",".png","Hummingbird Moth on Butterfly Bush Flowers-P7292475-photos_db_photo-20","1.48 TB","48","‎300 dpi","‎1895 pixels","‎300 dpi","‎1421 pixels","No","Photos Full Resolution Logoless","C:\Users\Brend\Documents\Database Project Repository\Database-Project\Photos Full Resolution Logoless","Photos Full Resolution Logoless (C:\Users\Brend\Documents\Database Project Repository\Database-Project)","C:\Users\Brend\Documents\Database Project Repository\Database-Project\Photos Full Resolution Logoless\Hummingbird Moth on Butterfly Bush Flowers-P7292475-photos_db_photo-20.png","PNG File","Unresolved","‎18%","0231",,,,,,,,,,,,,,,"Private"
"C:\Users\Brend\Documents\Database Project Repository\Database-Project\Photos Full Resolution Logoless\Lilly Flowers-P6221902-photos_db_photo-7.png","Lilly Flowers-P6221902-photos_db_photo-7","72.4 MB","PNG File","11/28/2025 5:25 PM","11/28/2025 7:04 PM","11/28/2025 8:08 PM","A","Image","BRENDANROGG16\Brend","Picture",,"Unrated","Lilly Flowers",,"‪5184 x 3888‬",,"Adobe Photoshop Lightroom Classic 15.0.1 (Windows)","1.83 TB","BRENDANROGG16 (this PC)",".png","Lilly Flowers-P6221902-photos_db_photo-7","1.48 TB","48","‎300 dpi","‎5184 pixels","‎300 dpi","‎3888 pixels","No","Photos Full Resolution Logoless","C:\Users\Brend\Documents\Database Project Repository\Database-Project\Photos Full Resolution Logoless","Photos Full Resolution Logoless (C:\Users\Brend\Documents\Database Project Repository\Database-Project)","C:\Users\Brend\Documents\Database Project Repository\Database-Project\Photos Full Resolution Logoless\Lilly Flowers-P6221902-photos_db_photo-7.png","PNG File","Unresolved","‎18%","0231",,,,,,,,,,,,,,,"Private"
"C:\Users\Brend\Documents\Database Project Repository\Database-Project\Photos Full Resolution Logoless\Livesaving Station in Frankfort-DJI_20250830202221_0049_D-HDR-photos_db_photo-27.png","Livesaving Station in Frankfort-DJI_20250830202221_0049_D-HDR-photos_db_photo-27","194 MB","PNG File","11/28/2025 5:26 PM","11/28/2025 7:04 PM","11/28/2025 8:08 PM","A","Image","BRENDANROGG16\Brend","Picture",,"Unrated","Livesaving Station in Frankfort",,"‪8168 x 6126‬",,"Adobe Photoshop Lightroom Classic 15.0.1 (Windows)","1.83 TB","BRENDANROGG16 (this PC)",".png","Livesaving Station in Frankfort-DJI_20250830202221_0049_D-HDR-photos_db_photo-27","1.48 TB","48","‎300 dpi","‎8168 pixels","‎300 dpi","‎6126 pixels","No","Photos Full Resolution Logoless","C:\Users\Brend\Documents\Database Project Repository\Database-Project\Photos Full Resolution Logoless","Photos Full Resolution Logoless (C:\Users\Brend\Documents\Database Project Repository\Database-Project)","C:\Users\Brend\Documents\Database Project Repository\Database-Project\Photos Full Resolution Logoless\Livesaving Station in Frankfort-DJI_20250830202221_0049_D-HDR-photos_db_photo-27.png","PNG File","Unresolved","‎18%","0231",,,,,,,,,,,,,,,"Private"
"C:\Users\Brend\Documents\Database Project Repository\Database-Project\Photos Full Resolution Logoless\Monarch Butterfly on Butterfly Milkweed-P8300133-photos_db_photo-26.png","Monarch Butterfly on Butterfly Milkweed-P8300133-photos_db_photo-26","74.7 MB","PNG File","11/28/2025 5:25 PM","11/28/2025 7:04 PM","11/28/2025 8:08 PM","A","Image","BRENDANROGG16\Brend","Picture",,"Unrated","Monarch Butterfly on Butterfly Milkweed",,"‪5184 x 3888‬",,"Adobe Photoshop Lightroom Classic 15.0.1 (Windows)","1.83 TB","BRENDANROGG16 (this PC)",".png","Monarch Butterfly on Butterfly Milkweed-P8300133-photos_db_photo-26","1.48 TB","48","‎300 dpi","‎5184 pixels","‎300 dpi","‎3888 pixels","No","Photos Full Resolution Logoless","C:\Users\Brend\Documents\Database Project Repository\Database-Project\Photos Full Resolution Logoless","Photos Full Resolution Logoless (C:\Users\Brend\Documents\Database Project Repository\Database-Project)","C:\Users\Brend\Documents\Database Project Repository\Database-Project\Photos Full Resolution Logoless\Monarch Butterfly on Butterfly Milkweed-P8300133-photos_db_photo-26.png","PNG File","Unresolved","‎18%","0231",,,,,,,,,,,,,,,"Private"
"C:\Users\Brend\Documents\Database Project Repository\Database-Project\Photos Full Resolution Logoless\Moth on Butterfly Milkweed-P7202231-photos_db_photo-16.png","Moth on Butterfly Milkweed-P7202231-photos_db_photo-16","70.2 MB","PNG File","11/28/2025 5:25 PM","11/28/2025 7:04 PM","11/28/2025 8:08 PM","A","Image","BRENDANROGG16\Brend","Picture",,"Unrated","Moth on Butterfly Milkweed",,"‪5184 x 3888‬",,"Adobe Photoshop Lightroom Classic 15.0.1 (Windows)","1.83 TB","BRENDANROGG16 (this PC)",".png","Moth on Butterfly Milkweed-P7202231-photos_db_photo-16","1.48 TB","48","‎300 dpi","‎5184 pixels","‎300 dpi","‎3888 pixels","No","Photos Full Resolution Logoless","C:\Users\Brend\Documents\Database Project Repository\Database-Project\Photos Full Resolution Logoless","Photos Full Resolution Logoless (C:\Users\Brend\Documents\Database Project Repository\Database-Project)","C:\Users\Brend\Documents\Database Project Repository\Database-Project\Photos Full Resolution Logoless\Moth on Butterfly Milkweed-P7202231-photos_db_photo-16.png","PNG File","Unresolved","‎18%","0231",,,,,,,,,,,,,,,"Private"
"C:\Users\Brend\Documents\Database Project Repository\Database-Project\Photos Full Resolution Logoless\Picture of Rocks on Lake Bed on a Calm Day-P9010226-photos_db_photo-29.png","Picture of Rocks on Lake Bed on a Calm Day-P9010226-photos_db_photo-29","64.9 MB","PNG File","11/28/2025 5:25 PM","11/28/2025 7:04 PM","11/28/2025 8:09 PM","A","Image","BRENDANROGG16\Brend","Picture",,"Unrated","Picture of Rocks on Lake Bed on a Calm Day",,"‪5184 x 3888‬",,"Adobe Photoshop Lightroom Classic 15.0.1 (Windows)","1.83 TB","BRENDANROGG16 (this PC)",".png","Picture of Rocks on Lake Bed on a Calm Day-P9010226-photos_db_photo-29","1.48 TB","48","‎300 dpi","‎5184 pixels","‎300 dpi","‎3888 pixels","No","Photos Full Resolution Logoless","C:\Users\Brend\Documents\Database Project Repository\Database-Project\Photos Full Resolution Logoless","Photos Full Resolution Logoless (C:\Users\Brend\Documents\Database Project Repository\Database-Project)","C:\Users\Brend\Documents\Database Project Repository\Database-Project\Photos Full Resolution Logoless\Picture of Rocks on Lake Bed on a Calm Day-P9010226-photos_db_photo-29.png","PNG File","Unresolved","‎18%","0231",,,,,,,,,,,,,,,"Private"
"C:\Users\Brend\Documents\Database Project Repository\Database-Project\Photos Full Resolution Logoless\Point Betsie Sunny Day-DJI_20250905150029_0444_D-HDR-photos_db_photo-32.png","Point Betsie Sunny Day-DJI_20250905150029_0444_D-HDR-photos_db_photo-32","186 MB","PNG File","11/28/2025 5:26 PM","11/28/2025 7:04 PM","11/28/2025 8:09 PM","A","Image","BRENDANROGG16\Brend","Picture",,"Unrated","Point Betsie Sunny Day",,"‪8166 x 6125‬",,"Adobe Photoshop Lightroom Classic 15.0.1 (Windows)","1.83 TB","BRENDANROGG16 (this PC)",".png","Point Betsie Sunny Day-DJI_20250905150029_0444_D-HDR-photos_db_photo-32","1.48 TB","48","‎300 dpi","‎8166 pixels","‎300 dpi","‎6125 pixels","No","Photos Full Resolution Logoless","C:\Users\Brend\Documents\Database Project Repository\Database-Project\Photos Full Resolution Logoless","Photos Full Resolution Logoless (C:\Users\Brend\Documents\Database Project Repository\Database-Project)","C:\Users\Brend\Documents\Database Project Repository\Database-Project\Photos Full Resolution Logoless\Point Betsie Sunny Day-DJI_20250905150029_0444_D-HDR-photos_db_photo-32.png","PNG File","Unresolved","‎18%","0231",,,,,,,,,,,,,,,"Private"
"C:\Users\Brend\Documents\Database Project Repository\Database-Project\Photos Full Resolution Logoless\Pontoon Boat Ride July 27th, 2025-DJI_20250727114503_0239_D-2-photos_db_photo-19.png","Pontoon Boat Ride July 27th, 2025-DJI_20250727114503_0239_D-2-photos_db_photo-19","11.4 MB","PNG File","11/28/2025 5:25 PM","11/28/2025 7:04 PM","11/28/2025 8:09 PM","A","Image","BRENDANROGG16\Brend","Picture",,"Unrated","Pontoon Boat Ride July 27th, 2025",,"‪2048 x 1536‬",,"Adobe Photoshop Lightroom Classic 15.0.1 (Windows)","1.83 TB","BRENDANROGG16 (this PC)",".png","Pontoon Boat Ride July 27th, 2025-DJI_20250727114503_0239_D-2-photos_db_photo-19","1.48 TB","48","‎300 dpi","‎2048 pixels","‎300 dpi","‎1536 pixels","No","Photos Full Resolution Logoless","C:\Users\Brend\Documents\Database Project Repository\Database-Project\Photos Full Resolution Logoless","Photos Full Resolution Logoless (C:\Users\Brend\Documents\Database Project Repository\Database-Project)","C:\Users\Brend\Documents\Database Project Repository\Database-Project\Photos Full Resolution Logoless\Pontoon Boat Ride July 27th, 2025-DJI_20250727114503_0239_D-2-photos_db_photo-19.png","PNG File","Unresolved","‎18%","0231",,,,,,,,,,,,,,,"Private"
"C:\Users\Brend\Documents\Database Project Repository\Database-Project\Photos Full Resolution Logoless\Roses in Bloom 2-P6221899-photos_db_photo-9.png","Roses in Bloom 2-P6221899-photos_db_photo-9","82.0 MB","PNG File","11/28/2025 5:25 PM","11/28/2025 7:04 PM","11/28/2025 8:08 PM","A","Image","BRENDANROGG16\Brend","Picture",,"Unrated","Roses in Bloom 2",,"‪5184 x 3888‬",,"Adobe Photoshop Lightroom Classic 15.0.1 (Windows)","1.83 TB","BRENDANROGG16 (this PC)",".png","Roses in Bloom 2-P6221899-photos_db_photo-9","1.48 TB","48","‎300 dpi","‎5184 pixels","‎300 dpi","‎3888 pixels","No","Photos Full Resolution Logoless","C:\Users\Brend\Documents\Database Project Repository\Database-Project\Photos Full Resolution Logoless","Photos Full Resolution Logoless (C:\Users\Brend\Documents\Database Project Repository\Database-Project)","C:\Users\Brend\Documents\Database Project Repository\Database-Project\Photos Full Resolution Logoless\Roses in Bloom 2-P6221899-photos_db_photo-9.png","PNG File","Unresolved","‎18%","0231",,,,,,,,,,,,,,,"Private"
"C:\Users\Brend\Documents\Database Project Repository\Database-Project\Photos Full Resolution Logoless\Roses In Bloom-P6221900-photos_db_photo-8.png","Roses In Bloom-P6221900-photos_db_photo-8","80.3 MB","PNG File","11/28/2025 5:25 PM","11/28/2025 7:04 PM","11/28/2025 8:08 PM","A","Image","BRENDANROGG16\Brend","Picture",,"Unrated","Roses In Bloom",,"‪5184 x 3888‬",,"Adobe Photoshop Lightroom Classic 15.0.1 (Windows)","1.83 TB","BRENDANROGG16 (this PC)",".png","Roses In Bloom-P6221900-photos_db_photo-8","1.48 TB","48","‎300 dpi","‎5184 pixels","‎300 dpi","‎3888 pixels","No","Photos Full Resolution Logoless","C:\Users\Brend\Documents\Database Project Repository\Database-Project\Photos Full Resolution Logoless","Photos Full Resolution Logoless (C:\Users\Brend\Documents\Database Project Repository\Database-Project)","C:\Users\Brend\Documents\Database Project Repository\Database-Project\Photos Full Resolution Logoless\Roses In Bloom-P6221900-photos_db_photo-8.png","PNG File","Unresolved","‎18%","0231",,,,,,,,,,,,,,,"Private"
"C:\Users\Brend\Documents\Database Project Repository\Database-Project\Photos Full Resolution Logoless\Sailboat in the July 20th, 2025 Sailing Race-DJI_20250720192045_0752_D-HDR-photos_db_photo-18.png","Sailboat in the July 20th, 2025 Sailing Race-DJI_20250720192045_0752_D-HDR-photos_db_photo-18","168 MB","PNG File","11/28/2025 5:25 PM","11/28/2025 7:04 PM","11/28/2025 8:09 PM","A","Image","BRENDANROGG16\Brend","Picture",,"Unrated","Sailboat in the July 20th, 2025 Sailing Race",,"‪8144 x 6108‬",,"Adobe Photoshop Lightroom Classic 15.0.1 (Windows)","1.83 TB","BRENDANROGG16 (this PC)",".png","Sailboat in the July 20th, 2025 Sailing Race-DJI_20250720192045_0752_D-HDR-photos_db_photo-18","1.48 TB","48","‎300 dpi","‎8144 pixels","‎300 dpi","‎6108 pixels","No","Photos Full Resolution Logoless","C:\Users\Brend\Documents\Database Project Repository\Database-Project\Photos Full Resolution Logoless","Photos Full Resolution Logoless (C:\Users\Brend\Documents\Database Project Repository\Database-Project)","C:\Users\Brend\Documents\Database Project Repository\Database-Project\Photos Full Resolution Logoless\Sailboat in the July 20th, 2025 Sailing Race-DJI_20250720192045_0752_D-HDR-photos_db_photo-18.png","PNG File","Unresolved","‎18%","0231",,,,,,,,,,,,,,,"Private"
"C:\Users\Brend\Documents\Database Project Repository\Database-Project\Photos Full Resolution Logoless\Sandhill Crane at Arcadia Marsh-P7202247-photos_db_photo-14.png","Sandhill Crane at Arcadia Marsh-P7202247-photos_db_photo-14","27.0 MB","PNG File","11/28/2025 5:25 PM","11/28/2025 7:04 PM","11/28/2025 8:08 PM","A","Image","BRENDANROGG16\Brend","Picture",,"Unrated","Sandhill Crane at Arcadia Marsh",,"‪3200 x 2400‬",,"Adobe Photoshop Lightroom Classic 15.0.1 (Windows)","1.83 TB","BRENDANROGG16 (this PC)",".png","Sandhill Crane at Arcadia Marsh-P7202247-photos_db_photo-14","1.48 TB","48","‎300 dpi","‎3200 pixels","‎300 dpi","‎2400 pixels","No","Photos Full Resolution Logoless","C:\Users\Brend\Documents\Database Project Repository\Database-Project\Photos Full Resolution Logoless","Photos Full Resolution Logoless (C:\Users\Brend\Documents\Database Project Repository\Database-Project)","C:\Users\Brend\Documents\Database Project Repository\Database-Project\Photos Full Resolution Logoless\Sandhill Crane at Arcadia Marsh-P7202247-photos_db_photo-14.png","PNG File","Unresolved","‎18%","0231",,,,,,,,,,,,,,,"Private"
"C:\Users\Brend\Documents\Database Project Repository\Database-Project\Photos Full Resolution Logoless\Turtle on a Log-P7202239-photos_db_photo-15.png","Turtle on a Log-P7202239-photos_db_photo-15","68.1 MB","PNG File","11/28/2025 5:25 PM","11/28/2025 7:04 PM","11/28/2025 8:08 PM","A","Image","BRENDANROGG16\Brend","Picture",,"Unrated","Turtle on a Log",,"‪5184 x 3888‬",,"Adobe Photoshop Lightroom Classic 15.0.1 (Windows)","1.83 TB","BRENDANROGG16 (this PC)",".png","Turtle on a Log-P7202239-photos_db_photo-15","1.48 TB","48","‎300 dpi","‎5184 pixels","‎300 dpi","‎3888 pixels","No","Photos Full Resolution Logoless","C:\Users\Brend\Documents\Database Project Repository\Database-Project\Photos Full Resolution Logoless","Photos Full Resolution Logoless (C:\Users\Brend\Documents\Database Project Repository\Database-Project)","C:\Users\Brend\Documents\Database Project Repository\Database-Project\Photos Full Resolution Logoless\Turtle on a Log-P7202239-photos_db_photo-15.png","PNG File","Unresolved","‎18%","0231",,,,,,,,,,,,,,,"Private"
"C:\Users\Brend\Documents\Database Project Repository\Database-Project\Photos Full Resolution Logoless\Two Young Bucks at the Birdfeeder-P8162784-3-photos_db_photo-23.png","Two Young Bucks at the Birdfeeder-P8162784-3-photos_db_photo-23","11.6 MB","PNG File","11/28/2025 5:25 PM","11/28/2025 7:04 PM","11/28/2025 8:08 PM","A","Image","BRENDANROGG16\Brend","Picture",,"Unrated","Two Young Bucks at the Birdfeeder",,"‪2048 x 1536‬",,"Adobe Photoshop Lightroom Classic 15.0.1 (Windows)","1.83 TB","BRENDANROGG16 (this PC)",".png","Two Young Bucks at the Birdfeeder-P8162784-3-photos_db_photo-23","1.48 TB","48","‎300 dpi","‎2048 pixels","‎300 dpi","‎1536 pixels","No","Photos Full Resolution Logoless","C:\Users\Brend\Documents\Database Project Repository\Database-Project\Photos Full Resolution Logoless","Photos Full Resolution Logoless (C:\Users\Brend\Documents\Database Project Repository\Database-Project)","C:\Users\Brend\Documents\Database Project Repository\Database-Project\Photos Full Resolution Logoless\Two Young Bucks at the Birdfeeder-P8162784-3-photos_db_photo-23.png","PNG File","Unresolved","‎18%","0231",,,,,,,,,,,,,,,"Private"
"C:\Users\Brend\Documents\Database Project Repository\Database-Project\Photos Full Resolution Logoless\Wedding at Frankfort Life Saving Station-DJI_20250830205348_0108_D-2-photos_db_photo-28.png","Wedding at Frankfort Life Saving Station-DJI_20250830205348_0108_D-2-photos_db_photo-28","12.1 MB","PNG File","11/28/2025 5:25 PM","11/28/2025 7:04 PM","11/28/2025 8:09 PM","A","Image","BRENDANROGG16\Brend","Picture",,"Unrated","Wedding at Frankfort Life Saving Station",,"‪2048 x 1536‬",,"Adobe Photoshop Lightroom Classic 15.0.1 (Windows)","1.83 TB","BRENDANROGG16 (this PC)",".png","Wedding at Frankfort Life Saving Station-DJI_20250830205348_0108_D-2-photos_db_photo-28","1.48 TB","48","‎300 dpi","‎2048 pixels","‎300 dpi","‎1536 pixels","No","Photos Full Resolution Logoless","C:\Users\Brend\Documents\Database Project Repository\Database-Project\Photos Full Resolution Logoless","Photos Full Resolution Logoless (C:\Users\Brend\Documents\Database Project Repository\Database-Project)","C:\Users\Brend\Documents\Database Project Repository\Database-Project\Photos Full Resolution Logoless\Wedding at Frankfort Life Saving Station-DJI_20250830205348_0108_D-2-photos_db_photo-28.png","PNG File","Unresolved","‎18%","0231",,,,,,,,,,,,,,,"Private"
"C:\Users\Brend\Documents\Database Project Repository\Database-Project\Photos Full Resolution Logoless\Yarrow Flowers-P6221908-photos_db_photo-6.png","Yarrow Flowers-P6221908-photos_db_photo-6","66.2 MB","PNG File","11/28/2025 5:25 PM","11/28/2025 7:04 PM","11/28/2025 8:09 PM","A","Image","BRENDANROGG16\Brend","Picture",,"Unrated","Yarrow Flowers",,"‪5184 x 3888‬",,"Adobe Photoshop Lightroom Classic 15.0.1 (Windows)","1.83 TB","BRENDANROGG16 (this PC)",".png","Yarrow Flowers-P6221908-photos_db_photo-6","1.48 TB","48","‎300 dpi","‎5184 pixels","‎300 dpi","‎3888 pixels","No","Photos Full Resolution Logoless","C:\Users\Brend\Documents\Database Project Repository\Database-Project\Photos Full Resolution Logoless","Photos Full Resolution Logoless (C:\Users\Brend\Documents\Database Project Repository\Database-Project)","C:\Users\Brend\Documents\Database Project Repository\Database-Project\Photos Full Resolution Logoless\Yarrow Flowers-P6221908-photos_db_photo-6.png","PNG File","Unresolved","‎18%","0231",,,,,,,,,,,,,,,"Private"
